CREATE TEMPORARY TABLE tmp_backup_tables_priv AS SELECT * FROM mysql.tables_priv;
CREATE TEMPORARY TABLE tmp_backup_user AS SELECT * FROM mysql.user;
create user user1;
delete from mysql.user;
create user user2;
create user user3;
create user user4;
create user user5;
create user user6;
create user user7;
create user user8;
create user user9;
create user user10;
create user user11;
create user user12;
create user user13;
create user user14;
alter user user1 password expire never;
TRUNCATE TABLE mysql.tables_priv;
INSERT INTO mysql.tables_priv (SELECT * FROM tmp_backup_tables_priv);
DROP TEMPORARY TABLE tmp_backup_tables_priv;
TRUNCATE TABLE mysql.user;
INSERT INTO mysql.user (SELECT * FROM tmp_backup_user);
DROP TEMPORARY TABLE tmp_backup_user;
