USE mysql;
DROP TABLE IF EXISTS user_backup;
CREATE TABLE user_backup LIKE user;
INSERT INTO user_backup SELECT * FROM user;
flush privileges;
CREATE USER 'root1'@'%' IDENTIFIED BY '123456';
GRANT SELECT, INSERT, UPDATE, DELETE, CREATE, DROP, RELOAD, PROCESS, REFERENCES, INDEX, ALTER, SHOW DATABASES, CREATE TEMPORARY TABLES, LOCK TABLES, EXECUTE, REPLICATION SLAVE, REPLICATION CLIENT, CREATE VIEW, SHOW VIEW, CREATE ROUTINE, ALTER ROUTINE, CREATE USER, EVENT, TRIGGER ON *.* TO 'root1'@'%' WITH GRANT OPTION;
CREATE USER 'reserved_user1'@'%' IDENTIFIED BY '123456';
GRANT SELECT, INSERT, UPDATE, DELETE, CREATE, DROP, RELOAD, PROCESS, REFERENCES, INDEX, ALTER, SHOW DATABASES, CREATE TEMPORARY TABLES, LOCK TABLES, EXECUTE, REPLICATION SLAVE, REPLICATION CLIENT, CREATE VIEW, SHOW VIEW, CREATE ROUTINE, ALTER ROUTINE, CREATE USER, EVENT, TRIGGER ON *.* TO 'reserved_user1'@'%' WITH GRANT OPTION;
CREATE USER 'reserved_user2'@'%' IDENTIFIED BY '123456';
GRANT SELECT, INSERT, UPDATE, DELETE, CREATE, DROP, RELOAD, PROCESS, REFERENCES, INDEX, ALTER, SHOW DATABASES, CREATE TEMPORARY TABLES, LOCK TABLES, EXECUTE, REPLICATION SLAVE, REPLICATION CLIENT, CREATE VIEW, SHOW VIEW, CREATE ROUTINE, ALTER ROUTINE, CREATE USER, EVENT, TRIGGER ON *.* TO 'reserved_user2'@'%' WITH GRANT OPTION;
CREATE USER 'reserved_user3'@'%' IDENTIFIED BY '123456';
GRANT SELECT, INSERT, UPDATE, DELETE, CREATE, DROP, RELOAD, PROCESS, REFERENCES, INDEX, ALTER, SHOW DATABASES, CREATE TEMPORARY TABLES, LOCK TABLES, EXECUTE, REPLICATION SLAVE, REPLICATION CLIENT, CREATE VIEW, SHOW VIEW, CREATE ROUTINE, ALTER ROUTINE, CREATE USER, EVENT, TRIGGER ON *.* TO 'reserved_user3'@'%' WITH GRANT OPTION;
CREATE USER 'super'@'%' IDENTIFIED BY '123456';
GRANT ALL PRIVILEGES ON *.* TO 'super'@'%' WITH GRANT OPTION;
show variables like 'rds%';
Variable_name	Value
rds_permission_control	ON
rds_reserved_users	reserved_user1,reserved_user2,reserved_user3
RENAME USER reserved_user1 TO user1_rename;
ERROR HY000: Operation RENAME USER failed for 'reserved_user1'@'%'
RENAME USER reserved_user2 TO user2_rename;
RENAME USER reserved_user3 TO user3_rename;
DROP USER reserved_user1,user2_rename,user3_rename,root1,super;
DELETE FROM user;
INSERT INTO user SELECT * FROM user_backup;
DROP TABLE user_backup;
